DEPT;RHOB;TR;VP
3489;2.43795;5;9975.764
3490;2.43098;5;9597.379
3491;2.38059;5;9570.604
3492;2.36244;4;9437.365
3493;2.31635;3;9207.359
3494;2.32702;4;9087.646
3495;2.34847;4;9054.779
3496;2.30324;3;9070.54
3497;2.21705;1;8425.837
3498;2.15318;1;8272.337
3499;2.21364;1;8326.117
3500;2.21565;1;8682.062
3501;2.1264;2;8339.035
3502;2.11083;1;8253.388
3503;2.14793;2;8008.489
3504;2.24462;2;7668.083
3505;2.26352;5;10428.35
3506;2.15508;4;9434.01
3507;2.18015;5;8959.585
3508;2.26139;5;8257.996
3509;2.33465;5;8683.702
3510;2.36815;5;9127.39
3511;2.37361;5;10248.12
3512;2.38091;4;10589.37
3513;2.31177;4;10073.49
3514;2.26832;5;9307.071
3515;2.27014;5;8788.395
3516;2.32044;5;8750.826
3517;2.34371;5;9295.24
3518;2.34179;-9999;9016.281
3519;2.35334;-9999;8450.168
3520;2.33478;-9999;8460.256
3521;2.38096;-9999;9036.833
3522;2.41794;-9999;8993.419
3523;2.45185;-9999;9507.605
3524;2.44804;-9999;10598.02
3525;2.44044;-9999;11814.87
3526;2.41583;-9999;11744.38
3527;2.32978;-9999;10956.99
3528;2.27879;-9999;10358.21
3529;2.27681;-9999;8861.076
3530;2.30924;-9999;8888.14
3531;2.32515;-9999;8839.621
3532;2.34502;-9999;8723.328
3533;2.34317;-9999;8972.473
3534;2.36408;-9999;8931.116
3535;2.34468;-9999;8950.417
3536;2.36161;-9999;8774.489
3537;2.37528;-9999;8854.233
3538;2.37895;-9999;8934.05
3539;2.41881;-9999;9222.956
3540;2.46239;-9999;9657.794
3541;2.44343;-9999;10363.56
3542;2.39382;-9999;10331.86
3543;2.3543;-9999;10056.49
3544;2.41886;-9999;10291.24
3545;2.42334;-9999;9304.117
3546;2.37026;-9999;9436.417
3547;2.32218;-9999;9041.609
3548;2.3203;-9999;8669.366
3549;2.30878;-9999;8606.227
3550;2.3155;-9999;8812.989
3551;2.31779;-9999;8814.126
3552;2.34565;-9999;8667.807
3553;2.38314;-9999;8459.526
3554;2.38735;-9999;8336.58
3555;2.40033;-9999;8084.764
3556;2.43508;-9999;7978.104
3557;2.41536;-9999;8102.129
3558;2.3939;-9999;8509.831
3559;2.41121;-9999;8845.773
3560;2.42757;-9999;8689.716
3561;2.42675;-9999;8879.526
3562;2.41693;-9999;8947
3563;2.40792;-9999;8951.173
3564;2.37721;-9999;9331.292
3565;2.34888;-9999;9244.148
3566;2.32658;-9999;8622.766
3567;2.32795;-9999;8035.063
3568;2.30563;-9999;8165.743
3569;2.32812;-9999;8056.065
3570;2.36556;-9999;8002.619
3571;2.37585;-9999;7903.127
3572;2.39164;-9999;10406.92
3573;2.40755;-9999;11253.73
3574;2.37506;-9999;11411.2
3575;2.33289;-9999;10951.69
3576;2.32758;-9999;10210.75
3577;2.3484;-9999;9146.811
3578;2.37951;-9999;9088.693
3579;2.37247;-9999;9241.674
3580;2.39318;-9999;9613.92
3581;2.37336;-9999;10453.87
3582;2.36707;-9999;10836.43
3583;2.3788;-9999;10969.27
3584;2.36065;-9999;10735.46
3585;2.34941;-9999;10680.63
3586;2.40399;-9999;10650.26
3587;2.42972;-9999;10661.6
3588;2.41499;-9999;10746.57
3589;2.41681;-9999;10743.89
3590;2.42298;-9999;10600.22
3591;2.42413;-9999;10563.4
3592;2.42766;-9999;10531.28
3593;2.41938;-9999;10449
3594;2.39;-9999;10491.27
3595;2.35783;5;10576.48
3596;2.40216;5;10604.31
3597;2.4174;5;10594.85
3598;2.38916;5;10608.93
3599;2.43072;-9999;10397.71
3600;2.47346;-9999;9279.521
3601;2.5085;5;10241.16
3602;2.49254;5;10449.9
3603;2.454;5;10787.04
3604;2.42496;-9999;10640.57
3605;2.44336;5;10564.04
3606;2.36268;3;10359.29
3607;2.20841;2;10194.02
3608;2.15895;2;9037.64
3609;2.17006;2;8971.186
3610;2.11602;2;8665.265
3611;2.0757;-9999;8580.083
3612;2.12423;2;8523.273
3613;2.10668;2;8499.255
3614;2.0431;-9999;8462.244
3615;2.08948;-9999;8414.665
3616;2.21668;3;8483.781
3617;2.29235;2;8741.242
3618;2.32251;3;10182.48
3619;2.35513;5;10602.68
3620;2.3671;5;10346.48
3621;2.3462;5;10055.68
3622;2.37559;5;9927.757
3623;2.37787;5;9818.2
3624;2.35492;5;9543.299
3625;2.33732;5;9425.537
3626;2.37298;5;9523.58
3627;2.37178;5;9585.137
3628;2.35654;5;9388.548
3629;2.33926;5;9356.866
3630;2.31854;5;9393.37
3631;2.30989;5;9326.648
3632;2.33509;5;9445.72
3633;2.33815;5;9380.293
3634;2.34681;5;9381.374
3635;2.38666;5;9401.243
3636;2.36816;5;9420.065
3637;2.38583;5;9765.745
3638;2.40684;5;9864.309
3639;2.38917;5;10061.01
3640;2.37149;5;10252.48
3641;2.35658;5;10551.11
3642;2.32291;5;10947.23
3643;2.29785;-9999;11027.31
3644;2.3192;-9999;11189.57
3645;2.31679;5;10552.07
3646;2.34288;5;10355.8
3647;2.32106;5;10297.59
3648;2.31573;5;10424.63
3649;2.27315;5;10780.22
3650;2.25729;5;10779.19
3651;2.28781;5;10075.4
3652;2.29127;5;9854.341
3653;2.26975;-9999;9162.132
3654;2.26027;-9999;8884.014
3655;2.2911;-9999;8782.043
3656;2.3117;-9999;8888.538
3657;2.32576;-9999;8820.472
3658;2.33295;-9999;9029.966
3659;2.29571;4;9391.832
3660;2.23963;-9999;10031.74
3661;2.26208;-9999;10698.08
3662;2.1874;-9999;10335.9
3663;2.18947;-9999;10032.07
3664;2.32351;-9999;9662.455
3665;2.35649;-9999;9533.476
3666;2.38222;-9999;9507.502
3667;2.38603;-9999;9750.054
3668;2.32392;-9999;9954.694
3669;2.30153;-9999;10050.39
3670;2.26593;-9999;10045.53
3671;2.35128;-9999;10384.19
3672;2.42199;5;10144.58
3673;2.41507;-9999;10129.28
3674;2.38667;5;10049.79
3675;2.35636;5;9735.343
3676;2.34469;-9999;9326.079
3677;2.34462;5;9403.159
3678;2.33696;5;9132.619
3679;2.34478;5;9176.298
3680;2.33945;5;8936.572
3681;2.3668;5;8857.469
3682;2.41533;5;8933.214
3683;2.41147;5;9061.575
3684;2.44023;5;9497.938
3685;2.42242;5;10091.11
3686;2.44626;5;10136.4
3687;2.44998;5;10669.04
3688;2.45119;5;10955
3689;2.43618;5;11011.92
3690;2.43035;5;11061.26
3691;2.35909;4;11209.14
3692;2.33777;-9999;10817.8
3693;2.33891;5;10674.81
3694;2.35388;5;10819.67
3695;2.36062;5;10519.21
3696;2.37667;5;10459.75
3697;2.425;5;12051.08
3698;2.40277;5;9869.957
3699;2.40443;5;9855.679
3700;2.35394;3;9696.902
3701;2.31887;2;9556.763
3702;2.28618;2;9460.465
3703;2.25109;2;9361.799
3704;2.23764;2;9183.622
3705;2.27865;2;12171.47
3706;2.40693;5;14434.8
3707;2.41128;5;12417.21
3708;2.27695;2;11208.01
3709;2.07725;-9999;13021.02
3710;2.05423;-9999;7156.61
3711;2.08715;-9999;7518.302
3712;2.09255;-9999;7754.135
3713;2.08733;-9999;7495.153
3714;2.12163;2;7556.747
3715;2.22216;2;7681.834
3716;2.25513;2;9254.91
3717;2.30793;3;11077.74
3718;2.38331;5;10751.99
3719;2.34083;5;10797.32
3720;2.39067;5;10542.91
3721;2.38048;5;10260.72
3722;2.35417;5;10146.09
3723;2.37689;5;10191.06
3724;2.36325;5;10345.24
3725;2.37224;5;10550.19
3726;2.34458;-9999;10613.02
3727;2.3385;-9999;10495.51
3728;2.33889;5;10350.77
3729;2.35353;5;10195.65
3730;2.37232;5;9894.929
3731;2.36628;5;9855.133
3732;2.36414;5;9759.769
3733;2.34449;5;9405.094
3734;2.34643;-9999;9036.03
3735;2.35125;5;8936.028
3736;2.37389;5;8879.925
3737;2.365;5;9169.978
3738;2.372;5;9253.259
3739;2.39606;5;8872.042
3740;2.42159;5;9833.629
3741;2.43688;5;9914.447
3742;2.45195;5;10157.05
3743;2.41848;5;10437.7
3744;2.40913;5;10886.88
3745;2.40667;-9999;11139.03
3746;2.40778;-9999;11051.24
3747;2.37671;-9999;9964.628
3748;2.40605;-9999;9821.544
3749;2.45165;-9999;10234.92
3750;2.45179;-9999;10795.08
3751;2.46698;-9999;10869.33
3752;2.41252;-9999;11296.51
3753;2.38873;-9999;11386.06
3754;2.39829;-9999;11341.19
3755;2.38463;-9999;10792.6
3756;2.3953;5;10245.37
3757;2.39634;5;9537.548
3758;2.38003;5;9454.236
3759;2.39379;5;9433.309
3760;2.36373;5;9611.908
3761;2.3841;5;9780.432
3762;2.40329;5;10591.36
3763;2.39463;5;10871.06
3764;2.40341;5;11271.71
3765;2.41975;5;10964.2
3766;2.41402;5;10717.76
3767;2.3832;5;10398.7
3768;2.40256;5;10240.09
3769;2.40209;5;10037.48
3770;2.39634;5;10028.26
3771;2.40084;5;10028.84
3772;2.39764;5;9972.265
3773;2.40061;5;10026.51
3774;2.40357;5;9784.943
3775;2.42498;5;9704.712
3776;2.39254;5;9788.68
3777;2.39915;5;9924.236
3778;2.4447;5;10075.03
3779;2.43781;5;10165.76
3780;2.41251;5;10509.22
3781;2.43143;5;10598.83
3782;2.44562;5;10622.45
3783;2.43264;5;9900.984
3784;2.43359;5;9920.354
3785;2.41189;5;9872.515
3786;2.39231;5;10523.86
3787;2.39456;5;9690.564
3788;2.36088;5;9834.308
3789;2.33864;5;10075.35
3790;2.3663;5;9244.1
3791;2.38348;5;9474.298
3792;2.42791;5;9515.604
3793;2.4691;5;10122.51
3794;2.4584;-9999;10378.41
3795;2.43117;-9999;11282.49
3796;2.42245;5;12824.96
3797;2.39526;5;13031.81
3798;2.36639;5;11860.86
3799;2.36182;5;11267.65
3800;2.36611;5;10691.81
3801;2.35749;5;10315.15
3802;2.35522;5;10070.91
3803;2.37953;5;10022.48
3804;2.38769;5;9841.769
3805;2.3601;5;9824.482
3806;2.38868;5;9900.217
3807;2.40509;5;9916.359
3808;2.40892;5;10126.84
3809;2.39713;5;10255.66
3810;2.39074;5;10397.17
3811;2.40629;5;10573.76
3812;2.38017;5;10513.56
3813;2.39491;5;10491.89
3814;2.3792;5;10459.88
3815;2.36687;5;10216.35
3816;2.34676;5;9886.869
3817;2.37706;5;9692.047
3818;2.36373;5;9616.435
3819;2.33925;5;9365.75
3820;2.34043;5;9426.681
3821;2.34633;5;9391.954
3822;2.36377;5;9643.659
3823;2.38217;5;10198.52
3824;2.40012;5;10383.82
3825;2.43666;5;10284.45
3826;2.4484;5;10243.96
3827;2.44761;5;10423.46
3828;2.42682;5;10792.31
3829;2.4218;5;11483.49
3830;2.3989;5;10899.82
3831;2.42137;5;10770.45
3832;2.41414;5;10275.43
3833;2.4431;5;10106.72
3834;2.46737;5;9447.046
3835;2.48433;5;10052.36
3836;2.47889;5;10736.88
3837;2.46701;5;11100.96
3838;2.44057;5;11608.33
3839;2.36855;5;12212.53
3840;2.35822;5;11867.14
3841;2.36441;5;10224.65
3842;2.40686;5;9724.371
3843;2.41732;5;10077.88
3844;2.38826;5;10027.82
3845;2.42781;5;10153.02
3846;2.41596;5;10142.17
3847;2.41259;5;10105.87
3848;2.44397;5;9808.311
3849;2.36631;5;9830.465
3850;2.21128;1;9418.192
3851;2.24137;2;9414.171
3852;2.34941;3;9449.923
3853;2.39778;5;10066.35
3854;2.43779;5;9852.383
3855;2.41221;5;10838.62
3856;2.40142;5;10681
3857;2.389;5;10621.24
3858;2.4159;5;10701.53
3859;2.44616;5;10502.58
3860;2.42402;5;10463.81
3861;2.4011;5;10548.43
3862;2.43406;5;10916.67
3863;2.40705;5;11007.43
3864;2.39489;5;10865.59
3865;2.41276;5;10593.12
3866;2.42277;5;10281.82
3867;2.39827;5;10027.5
3868;2.39128;5;9997.031
3869;2.40682;5;10005.88
3870;2.39724;5;9828.959
3871;2.41206;5;9859.238
3872;2.4344;5;10091.65
3873;2.46516;5;10883.43
3874;2.49165;5;11245.35
3875;2.4798;5;12128.72
3876;2.43744;5;12343.14
3877;2.44109;5;12410.58
3878;2.42311;5;12528.92
3879;2.36241;5;12360.94
3880;2.28188;-9999;12179.62
3881;2.39784;5;11058.2
3882;2.36293;-9999;10048.59
3883;2.36544;5;9652.107
3884;2.40594;5;9516.971
3885;2.422;5;9622.033
3886;2.38193;5;9744.635
3887;2.38818;5;9963.434
3888;2.40842;5;8799.043
3889;2.40352;5;8866.126
3890;2.4143;5;9855.933
3891;2.42546;5;9905.639
3892;2.36842;5;10180.24
3893;2.36941;5;9851.171
3894;2.40963;5;10783.58
3895;2.34092;5;10800.05
3896;2.35955;5;10084.2
3897;2.38505;5;10478.23
3898;2.45205;5;10765.11
3899;2.44263;5;10941.86
3900;2.41219;-9999;10916.04
3901;2.3733;4;10788.16
3902;2.26478;2;10579.07
3903;2.14762;2;9218.984
3904;2.16797;2;8912.959
3905;2.21759;1;8817.388
3906;2.23466;2;8839.841
3907;2.29072;2;9326.709
3908;2.39775;4;9427.38
3909;2.42782;5;10661.46
3910;2.41015;5;12250.74
3911;2.38117;5;11297.36
3912;2.42653;5;9508.89
3913;2.42792;5;9976.497
3914;2.39926;5;9593.818
3915;2.40522;5;10138.29
3916;2.40141;5;10846.53
3917;2.3585;5;11061.65
3918;2.30815;-9999;11111.59
3919;2.32349;-9999;11379.32
3920;2.35735;-9999;11444.3
3921;2.31184;3;11686.46
3922;2.21962;2;11853.72
3923;2.09872;-9999;12366.1
3924;2.09721;-9999;11438.88
3925;2.28111;3;11610.23
3926;2.49429;5;11350.75
3927;2.44764;5;11102.62
3928;2.38121;5;10423.75
3929;2.40348;5;9970.958
3930;2.40124;5;9870.891
3931;2.44292;5;10014.18
3932;2.47464;5;10528.34
3933;2.50009;5;11154.29
3934;2.461;5;11316.7
3935;2.37267;4;11463.58
3936;2.29791;2;11306.12
3937;2.16845;2;10498.74
3938;2.10938;2;9553.236
3939;2.10776;2;8802.662
3940;2.16649;2;8398.902
3941;2.24342;3;8700.577
3942;2.33563;3;9154.736
3943;2.38409;4;9902.692
3944;2.40249;4;10994.36
3945;2.30096;2;11043.63
3946;2.32172;2;11202.72
3947;2.44036;5;11405.27
3948;2.3985;4;11529.58
3949;2.39976;5;11668.7
3950;2.42751;5;11608.08
3951;2.42213;5;11783.28
3952;2.44332;5;11323.96
3953;2.44038;5;11293.41
3954;2.40723;5;11291.64
3955;2.41196;5;11312.52
3956;2.40809;5;11280.58
3957;2.3354;4;11051.98
3958;2.28149;2;10838
3959;2.34583;4;10679.58
3960;2.37054;4;10654.13
3961;2.32305;3;10910.8
3962;2.3672;5;11205.3
3963;2.42357;5;11335.09
3964;2.4397;5;11395.24
3965;2.45166;5;11646.43
3966;2.43827;5;11700.9
3967;2.43797;5;11139.9
3968;2.44632;5;11570.5
3969;2.44825;5;11034.46
3970;2.43784;5;11335.94
3971;2.44477;5;11360.67
3972;2.45306;5;11418.96
3973;2.41081;5;11457.76
3974;2.40121;5;11650.91
3975;2.40871;5;10905.97
3976;2.38525;5;10551.34
3977;2.37495;5;10204.34
3978;2.41687;5;10170.21
3979;2.44561;5;10470.49
3980;2.46475;5;10867.98
3981;2.51936;5;11049.59
3982;2.49537;5;11202.84
3983;2.48177;5;11383.29
3984;2.47485;5;12043
3985;2.45629;5;12309.1
3986;2.44205;5;12138.47
3987;2.45113;5;12063.57
3988;2.46673;5;11812.87
3989;2.42123;5;11578.91
3990;2.40792;5;11236.7
3991;2.39076;5;11077.23
3992;2.4174;5;11144.34
3993;2.42224;5;11104.08
3994;2.40637;5;10986.27
3995;2.42503;5;10976.95
3996;2.43392;5;10988.22
3997;2.45905;5;10672.59
3998;2.46411;5;10560.16
3999;2.47775;5;10495.11
4000;2.50552;5;10429.43
4001;2.51195;5;10666.72
4002;2.53171;5;11855.47
4003;2.49704;5;12649.9
4004;2.42454;5;13932.66
4005;2.41645;5;12759.84
4006;2.41035;5;11324.9
4007;2.39352;5;10891.83
4008;2.41877;5;10530.29
4009;2.42164;5;10646.85
4010;2.4086;5;10683.76
4011;2.39691;5;10776.9
4012;2.40858;5;10053.79
4013;2.40987;5;9990.478
4014;2.42122;5;9851.875
4015;2.48239;5;10051.08
4016;2.51427;5;10287.57
4017;2.5021;5;10657.26
4018;2.50702;5;11286.65
4019;2.46269;5;11558.44
4020;2.43517;5;11604.19
4021;2.41485;5;11376.46
4022;2.39106;4;11050.46
4023;2.35141;3;10551.59
4024;2.33722;3;10304.66
4025;2.37962;3;10383.96
4026;2.43228;5;10983.61
4027;2.47318;5;12233.83
4028;2.45624;5;13103.04
4029;2.43056;5;13210.77
4030;2.39904;5;12838.4
4031;2.41954;5;11814.91
4032;2.43879;5;11587.42
4033;2.39943;5;11329.59
4034;2.38039;5;11073.52
4035;2.40545;5;10886.46
4036;2.3956;5;10691.08
4037;2.37943;5;10326.19
4038;2.38916;5;9801.952
4039;2.36877;5;9319.903
4040;2.37422;5;9335.17
4041;2.43687;5;9788.349
4042;2.44529;5;9639.15
4043;2.42961;5;11013.62
4044;2.41739;5;11096.22
4045;2.38297;5;10901.13
4046;2.37169;5;10756.99
4047;2.39501;5;10545.2
4048;2.39093;5;10174.57
4049;2.39447;5;10095.04
4050;2.42017;5;9623.554
4051;2.39595;5;9900.072
4052;2.43149;5;10223.98
4053;2.44561;5;10401.68
4054;2.45622;5;10999.49
4055;2.4203;5;11067.16
4056;2.45847;5;11542.31
4057;2.41935;5;11304.79
4058;2.38896;5;11158.17
4059;2.42836;5;11283.55
4060;2.44048;5;11468.49
4061;2.44117;5;11527.31
4062;2.42454;5;11291.49
4063;2.37501;5;10866.32
4064;2.39881;5;9510.609
4065;2.41947;5;10299.77
4066;2.3903;5;10489.59
4067;2.39141;5;10704.07
4068;2.43742;5;11650.49
4069;2.39773;5;11867.01
4070;2.39932;5;11850.52
4071;2.39535;5;11147.83
4072;2.38734;5;10544.87
4073;2.39824;5;10359.65
4074;2.41662;5;10270.24
4075;2.43964;5;10149.61
4076;2.3928;5;10801.35
4077;2.35294;5;11243.13
4078;2.38683;5;10969.97
4079;2.3932;5;10556.75
4080;2.41095;5;10759.12
4081;2.40177;5;10974.86
4082;2.40811;5;11159.48
4083;2.43359;5;11210.91
4084;2.39066;5;11239.51
4085;2.41563;5;11230.48
4086;2.44004;5;11193.35
4087;2.43553;5;11052.94
4088;2.42389;5;11007.97
4089;2.41237;5;10949.46
4090;2.40434;5;10748.36
4091;2.37562;5;10507.86
4092;2.38444;5;10244.52
4093;2.34244;5;10047.35
4094;2.33919;5;9944.813
4095;2.39686;5;9978.944
4096;2.4291;5;10380.82
4097;2.42095;5;10662.63
4098;2.39169;5;10850.78
4099;2.35887;5;10967.73
4100;2.40498;5;10800.94
4101;2.36882;5;10668.79
4102;2.34588;5;10511.24
4103;2.3713;5;10241.82
4104;2.35813;5;10071.14
4105;2.34783;5;9976.272
4106;2.41338;5;10073.7
4107;2.41986;5;10302.79
4108;2.38685;5;10499.44
4109;2.35472;5;10624.68
4110;2.33962;5;10631.78
4111;2.31803;5;10269.63
4112;2.36166;5;10022.56
4113;2.36001;5;9784.424
4114;2.36854;5;9821.884
4115;2.35855;5;9950.857
4116;2.36981;5;10079.82
4117;2.36405;5;10091.21
4118;2.37974;5;10051.63
4119;2.37928;5;10061.06
4120;2.38914;5;10062.4
4121;2.43046;5;10191.9
4122;2.45183;5;10348.29
4123;2.44241;5;10605.5
4124;2.40266;5;10959.87
4125;2.38274;5;11566.89
4126;2.4125;5;12289.36
4127;2.38782;5;11902.71
4128;2.41243;5;11309.11
4129;2.39899;5;11299.77
4130;2.38258;5;10838.06
4131;2.37608;5;9940.625
4132;2.37477;5;9769.111
4133;2.38513;5;9772.415
4134;2.40279;5;9644.962
4135;2.42851;5;10094.39
4136;2.46264;5;10744.09
4137;2.48869;5;9982.558
4138;2.4814;5;10927.93
4139;2.50348;5;10888.96
4140;2.50027;5;10925.61
4141;2.46512;5;11284.56
4142;2.41868;5;11206.28
4143;2.41402;5;10885.69
4144;2.3733;5;10683.7
4145;2.29766;2;10253.2
4146;2.39533;5;10051.68
4147;2.46359;5;10387.46
4148;2.44934;5;10796.13
4149;2.38596;5;11163.67
4150;2.38602;5;10908.07
4151;2.4002;5;10611.65
4152;2.38151;5;10053.24
4153;2.3927;5;10575.27
4154;2.40867;5;10588.69
4155;2.44364;5;10601.24
4156;2.45869;5;10844.7
4157;2.50709;5;10883.23
4158;2.46863;5;10987.48
4159;2.414;5;11336.1
4160;2.43483;5;10707.47
4161;2.41194;5;10211.68
4162;2.38916;5;9612.613
4163;2.39842;5;9956.709
4164;2.36196;5;9357.6
4165;2.38923;5;8802.593
4166;2.40894;5;8959.533
4167;2.40806;5;9713.757
4168;2.41492;5;9822.8
4169;2.43093;5;10493.61
4170;2.42886;5;10651.58
4171;2.41711;5;10762.89
4172;2.41371;5;10743.72
4173;2.28289;3;9972.198
4174;2.15756;2;9487.268
4175;2.18484;2;8687.458
4176;2.27018;2;8934.359
4177;2.32145;2;9084.192
4178;2.29204;2;9463.329
4179;2.27826;2;9658.215
4180;2.2878;2;10251.16
4181;2.38689;4;10967.42
4182;2.46343;5;11180.6
4183;2.47665;5;11852.76
4184;2.45697;5;12093.04
4185;2.43084;5;12146.03
4186;2.40168;5;12466.54
4187;2.37559;4;12451.16
4188;2.40304;5;11363.68
4189;2.45952;5;11297.42
4190;2.47844;5;11407.13
4191;2.43319;5;12150.22
4192;2.40233;5;12568.23
4193;2.3885;4;12979.52
4194;2.39151;4;12467.88
4195;2.39167;-9999;11422.81
4196;2.37685;5;11070.48
4197;2.37935;5;10289.51
4198;2.37533;5;10144.58
4199;2.36434;5;10080.55
4200;2.36874;5;10148.17
4201;2.37867;5;10301.21
4202;2.38235;5;10468.78
4203;2.40653;5;10954.97
4204;2.40774;5;11201.2
4205;2.38304;5;11280.06
4206;2.38649;5;11059.34
4207;2.41022;5;10756.46
4208;2.43588;5;10487.48
4209;2.43869;5;10792.69
4210;2.36564;-9999;10664.41
4211;2.42297;-9999;11555.1
4212;2.51692;-9999;11988.9
4213;2.45228;-9999;12033.6
4214;2.44313;-9999;12065.21
4215;2.4441;-9999;12029.4
4216;2.39937;-9999;12911.63
4217;2.32999;-9999;12073.41
4218;2.17501;-9999;12633.14
4219;2.18296;-9999;9929.054
4220;2.34682;-9999;10493.42
4221;2.35626;-9999;10595.86
4222;2.30741;-9999;11243.91
4223;2.26947;-9999;11656.76
4224;2.20891;-9999;12254.49
4225;2.18147;-9999;11537.31
4226;2.25779;-9999;11219.66
4227;2.33349;-9999;10527.42
4228;2.36643;-9999;10398.25
4229;2.38536;5;10567.48
4230;2.37969;5;10758.45
4231;2.384;5;10695.49
4232;2.35601;5;10684.74
4233;2.38938;5;10727.31
4234;2.36894;5;10893.68
4235;2.32511;5;11020.52
4236;2.30724;5;10480.27
4237;2.28862;5;9066.938
4238;2.31123;5;9220.279
4239;2.34546;5;9371.749
4240;2.36093;5;9222.481
4241;2.35052;5;9198.03
4242;2.35087;5;9512.497
4243;2.38201;5;9646.765
4244;2.37979;5;9720.891
4245;2.32915;5;9772.668
4246;2.33976;5;9857.986
4247;2.37043;-9999;9996.89
4248;2.36305;-9999;9715.066
4249;2.34278;-9999;9803.869
4250;2.38669;-9999;11070.82
4251;2.39401;-9999;11468.44
4252;2.38623;-9999;11752.14
4253;2.36617;-9999;12384.1
4254;2.26635;-9999;11591
4255;2.26312;-9999;10723.56
4256;2.33258;-9999;10199.32
4257;2.32366;-9999;10150.59
4258;2.41067;-9999;10069.34
4259;2.40749;-9999;10369.51
4260;2.38366;5;10238.44
4261;2.39557;5;10283.68
4262;2.42369;5;10256.16
4263;2.44475;5;10401.08
4264;2.45504;5;10583.31
4265;2.47999;5;10786.85
4266;2.47286;5;11112.79
4267;2.43126;5;11241.84
4268;2.43481;5;11231.72
4269;2.48627;5;11344.94
4270;2.47574;5;11433.44
4271;2.46299;5;11946.76
4272;2.42405;5;12133.15
4273;2.40323;5;11961.13
4274;2.39125;5;11407.38
4275;2.38258;5;11093.37
4276;2.36541;5;10499.51
4277;2.37655;5;10185.99
4278;2.38545;5;9943.774
4279;2.38933;5;9900.171
4280;2.40868;5;10262.09
4281;2.40911;5;10299.33
4282;2.40732;5;10115.95
4283;2.39625;5;10003.67
4284;2.40748;5;10264.1
4285;2.41857;5;10054.76
4286;2.46196;-9999;10211.02
4287;2.5113;5;10078.67
4288;2.50294;5;10934.5
4289;2.48022;5;11212.29
4290;2.48945;-9999;11662.2
4291;2.45159;-9999;11631.05
4292;2.40695;5;11740.41
4293;2.40663;5;11769.77
4294;2.40148;5;11081.24
4295;2.33743;3;10586.21
4296;2.25062;2;10550.82
4297;2.30669;2;11451.02
4298;2.37772;-9999;11617.61
4299;2.38379;-9999;11872.2
4300;2.37159;-9999;11793.52
4301;2.32838;-9999;11606.66
4302;2.27828;-9999;11716.8
4303;2.24597;-9999;12006.98
4304;2.23253;-9999;11840.88
4305;2.22288;5;11618.03
4306;2.26125;5;11292.06
4307;2.3109;5;10875.98
4308;2.4059;-9999;10649.65
4309;2.38684;-9999;10454.78
4310;2.3493;5;10317.56
4311;2.32398;5;10482.95
4312;2.34961;5;10874.32
4313;2.34782;5;11090.01
4314;2.37446;5;11219.81
4315;2.33078;5;11227.36
4316;2.28032;-9999;10624.5
4317;2.34165;-9999;10832.29
4318;2.44536;-9999;10790.12
4319;2.44419;-9999;10751.73
4320;2.40533;5;11077.29
4321;2.39377;-9999;11366.74
4322;2.40955;5;11095.91
4323;2.41536;5;11031.68
4324;2.41391;5;10262.38
4325;2.37453;5;10137.2
4326;2.34041;5;10007.33
4327;2.37503;5;9426.596
4328;2.40225;5;9593.893
4329;2.38855;5;9900.47
4330;2.44041;5;10303.33
4331;2.47498;5;11171.25
4332;2.46315;5;11222.06
4333;2.42291;5;11259.96
4334;2.40266;5;11319.12
4335;2.41744;5;11024.91
4336;2.38341;5;10858.09
4337;2.44622;5;10777.98
4338;2.4626;5;11184.69
4339;2.44859;5;11286.86
4340;2.44272;5;10956.93
4341;2.43008;5;10963.99
4342;2.46578;5;11014.96
4343;2.49746;5;11127.51
4344;2.50824;5;11343.5
4345;2.51653;5;11604.49
4346;2.52704;5;11790.7
4347;2.49612;5;12000.25
4348;2.49205;5;12068.25
4349;2.48497;5;12583.65
4350;2.4693;5;12501.08
4351;2.48412;5;11939.15
4352;2.47289;5;11367.48
4353;2.44148;5;11146.09
4354;2.43952;5;10062.94
4355;2.40273;5;10501.75
4356;2.30685;2;9397.676
4357;2.22986;2;10070.25
4358;2.21788;2;10035.89
4359;2.20254;2;9783.45
4360;2.1936;2;9501.996
4361;2.20551;2;9544.491
4362;2.23261;2;9507.805
4363;2.22733;2;9590.979
4364;2.24392;2;9790.438
4365;2.25262;3;9956.507
4366;2.31091;2;10301.19
4367;2.34153;3;10209.62
4368;2.34623;3;10658.09
4369;2.36387;4;11258.19
4370;2.40053;5;11629.43
4371;2.46096;5;11339.95
4372;2.44759;5;11105.94
4373;2.47273;5;10833.54
4374;2.48047;5;10867.62
4375;2.49938;5;11352.06
4376;2.46199;5;11863.85
4377;2.40654;5;12226.03
4378;2.40971;5;12471.26
4379;2.38995;5;12713.83
4380;2.35881;5;11950.66
4381;2.37216;5;11674.71
4382;2.3639;5;8936.505
4383;2.39023;5;8536.315
4384;2.29771;5;9701.791
4385;2.26454;-9999;10040.61
4386;2.33704;5;10426.72
4387;2.32583;5;11188.3
4388;2.39212;5;11406.18
4389;2.4147;5;11618.52
4390;2.39187;5;11467.59
4391;2.3454;4;10924.54
4392;2.35638;4;10589.48
4393;2.37326;5;10657.23
4394;2.34671;3;8886.817
4395;2.29706;2;9155.961
4396;2.2853;2;9813.951
4397;2.27093;2;10052.69
4398;2.25361;2;10511.79
4399;2.30522;2;10667.63
4400;2.39871;5;11366.72
4401;2.41902;5;12177.16
4402;2.41364;5;12562.97
4403;2.39008;5;12274.68
4404;2.41546;5;10852.03
4405;2.41467;5;10329.24
4406;2.37422;5;10084.79
4407;2.39187;5;9805.245
4408;2.42625;5;9677.175
4409;2.47098;5;10177.37
4410;2.4935;5;10770.61
4411;2.49194;5;11325.9
4412;2.48452;5;11473.24
4413;2.46368;5;11604.81
4414;2.46349;5;11579.56
4415;2.45374;5;11458.36
4416;2.43162;5;11598.07
4417;2.43676;5;11578.54
4418;2.43212;5;11975.65
4419;2.4297;5;11551.66
4420;2.45056;5;12209.95
4421;2.41957;5;10410.83
4422;2.38853;5;10059.54
4423;2.36695;5;9394.875
4424;2.36704;5;9738.649
4425;2.41845;5;9512.652
4426;2.40406;5;9280.291
4427;2.43457;5;9445.51
4428;2.4761;5;9510.796
4429;2.51585;5;9804.837
4430;2.53126;5;10780.74
4431;2.52077;5;11088.88
4432;2.50206;5;11628.74
4433;2.4925;5;12100.04
4434;2.46382;5;11953.17
4435;2.49068;5;11714.7
4436;2.47214;5;11696.38
4437;2.4775;5;11627.4
4438;2.46946;5;11641.46
4439;2.42196;5;11416.25
4440;2.38708;5;10966.34
4441;2.33235;3;10602.83
4442;2.23622;2;9638.939
4443;2.28635;2;9687.781
4444;2.3756;4;10128.73
4445;2.393;5;10720.39
4446;2.37612;4;11061.17
4447;2.39886;5;11263.1
4448;2.41739;5;11115.5
4449;2.42965;5;10647.21
4450;2.45264;5;10411.54
4451;2.33792;3;10304.12
4452;2.24832;2;10014.45
4453;2.20995;1;9869.233
4454;2.24586;2;9294.302
4455;2.27451;2;9221.966
4456;2.23933;2;9567.483
4457;2.20234;1;9550.894
4458;2.21038;1;9602.084
4459;2.28283;2;9983.619
4460;2.31258;2;10505.85
4461;2.31394;2;10973.31
4462;2.34545;4;11156.08
4463;2.4375;5;11439.57
4464;2.44934;5;11860.15
4465;2.40218;5;12236.17
4466;2.38519;5;12657.02
4467;2.36696;5;12513.07
4468;2.33061;-9999;12030.4
4469;2.3704;5;10540.56
4470;2.37849;5;10108.04
4471;2.3897;5;9910.191
4472;2.42719;5;9775.806
4473;2.4471;5;10065.26
4474;2.44446;5;10607.44
4475;2.45263;5;10867.76
4476;2.43184;5;11142.21
4477;2.44652;5;11288.84
4478;2.45844;5;11269.68
4479;2.47286;5;11290.49
4480;2.48298;5;11716.75
4481;2.46049;5;11869.18
4482;2.45214;5;11970.47
4483;2.46924;5;11931.59
4484;2.42329;5;11945.06
4485;2.43542;5;11846.57
4486;2.48897;5;11783.3
4487;2.48445;5;11803.26
4488;2.45182;5;11752.7
4489;2.37264;5;11610.92
4490;2.4319;5;11397.28
4491;2.41861;5;11252.68
4492;2.36724;4;11035.3
4493;2.39059;5;11014.68
4494;2.40297;5;11400.46
4495;2.40949;5;11362.97
4496;2.39196;5;10633.02
4497;2.39058;5;10041.91
4498;2.44506;5;10152.23
4499;2.46273;5;10444.2
4500;2.47235;5;10960.17
4501;2.45925;5;11271.01
4502;2.46947;5;11304.21
4503;2.44685;5;11660.84
4504;2.47016;5;11885.79
4505;2.43327;-9999;11915.67
4506;2.40099;-9999;11732.86
4507;2.36815;-9999;11804.51
4508;2.41585;-9999;11765.93
4509;2.38136;5;11728.43
4510;2.25972;-9999;11670.72
4511;2.26498;-9999;11447.23
4512;2.34595;-9999;11326.22
4513;2.33575;5;11316.43
4514;2.38629;5;11267.88
4515;2.40169;5;11409.04
4516;2.36449;5;11451.59
4517;2.43946;5;11498.41
4518;2.43879;5;11577.82
4519;2.41135;5;11270.53
4520;2.40329;5;11008.47
4521;2.4116;5;10390.85
4522;2.40658;5;10374.18
4523;2.37362;4;10341.7
4524;2.35282;3;10281
4525;2.33994;3;10136.21
4526;2.40477;4;10416.33
4527;2.40622;5;10609.29
4528;2.37641;4;10922.32
4529;2.44356;5;11150.71
4530;2.42886;5;11137.36
4531;2.34195;3;10848.64
4532;2.27697;2;10196.51
4533;2.25683;2;9996.492
4534;2.3028;2;9847.078
4535;2.38352;4;9914.457
4536;2.45717;5;11110.8
4537;2.47001;5;11783.18
4538;2.47752;5;11992.67
4539;2.45052;5;11662.55
4540;2.46196;5;11593.41
4541;2.40891;5;11181.5
4542;2.44001;5;11148.7
4543;2.44805;5;10931.43
4544;2.47993;5;10798.87
4545;2.49429;5;10794.55
4546;2.451;5;10953.28
4547;2.44832;5;11223.61
4548;2.47086;5;11281.05
4549;2.43877;5;11324.8
4550;2.35028;3;11156.42
4551;2.25123;2;11427.88
4552;2.26403;2;9829.362
4553;2.20316;1;9040.034
4554;2.17581;2;9098.985
4555;2.18478;2;8915.602
4556;2.18978;1;8715.768
4557;2.20981;1;8781.677
4558;2.24003;2;8834.368
4559;2.24165;2;9112.063
4560;2.28622;2;9320.902
4561;2.35435;3;9403.326
4562;2.44336;5;9734.497
4563;2.49948;5;9763.828
4564;2.45175;5;10483.22
4565;2.43221;5;11134.17
4566;2.47714;5;11386.21
4567;2.48406;5;11311.13
4568;2.40647;5;11168.3
4569;2.37461;3;11145.95
4570;2.44717;5;11503.07
4571;2.44646;5;11706.42
4572;2.46421;5;12038.87
4573;2.42492;5;12111.87
4574;2.43374;5;11673.63
4575;2.38384;5;10653.66
4576;2.36177;3;10347.23
4577;2.37859;4;10020.57
4578;2.39186;4;10130.44
4579;2.40697;5;10562.32
4580;2.39194;4;10500.08
4581;2.30294;2;10397.64
4582;2.23763;2;9472.756
4583;2.28528;2;9433.957
4584;2.39037;4;10010.19
4585;2.4523;5;11358.59
4586;2.40468;5;11259.3
4587;2.41055;5;11140.8
4588;2.46009;5;11112.85
4589;2.43201;5;11046.63
4590;2.41708;5;11175.09
4591;2.41975;5;11171.68
4592;2.36276;5;10462.71
4593;2.39074;5;10367.24
4594;2.43903;5;10498.08
4595;2.41306;5;10822.14
4596;2.32381;3;10749.15
4597;2.15658;2;10289.76
4598;2.12066;2;9210.52
4599;2.17289;2;8754.201
4600;2.22431;2;8530.378
4601;2.34144;3;8551.493
4602;2.3786;5;9596.808
4603;2.33562;4;10480.24
4604;2.28775;2;10368.82
4605;2.23972;2;10028
4606;2.22998;2;9959.731
4607;2.37154;5;10168.26
4608;2.40485;5;10555.78
4609;2.33016;4;10694.11
4610;2.2749;3;10693.07
4611;2.23087;2;10181.89
4612;2.20757;2;9879.386
4613;2.23531;2;9781.213
4614;2.2474;2;9757.292
4615;2.23421;2;9775.281
4616;2.23373;2;9816.796
4617;2.23479;2;9885.92
4618;2.20684;1;9874.92
4619;2.22198;1;9808.523
4620;2.21634;1;9755.55
4621;2.23797;2;9677.772
4622;2.23501;2;9676.92
4623;2.23;2;9732.246
4624;2.28747;2;9886.844
4625;2.37043;4;10160.22
4626;2.32232;3;10386.99
4627;2.28612;2;10440.85
4628;2.33796;3;10442.66
4629;2.38069;4;10489.89
4630;2.32346;3;10630.27
4631;2.31378;3;10767.87
4632;2.30614;3;10650.18
4633;2.27146;2;10909.61
4634;2.2924;4;11316.52
4635;2.33676;-9999;11499.19
4636;2.32178;-9999;11613.86
4637;2.27041;-9999;11743.58
4638;2.30581;-9999;11834.61
4639;2.32063;-9999;11807.2
4640;2.32433;4;11723.94
4641;2.33939;5;11628.02
4642;2.32962;4;11458.25
4643;2.36966;5;11353.73
4644;2.40662;5;11340.2
4645;2.4264;5;11259.96
4646;2.3918;5;11124.87
4647;2.39557;5;11023.93
4648;2.38123;4;10965.11
4649;2.36168;4;10822.13
4650;2.32478;3;10526.7
4651;2.29546;3;10412.48
4652;2.34243;4;10379.85
4653;2.34498;3;10509.01
4654;2.37165;4;10716.79
4655;2.36705;4;10846.12
4656;2.34744;4;10573.21
4657;2.35266;3;10486.74
4658;2.35973;3;10593.42
4659;2.3382;3;10589.51
4660;2.32343;3;10593.4
4661;2.32066;3;10628.15
4662;2.30844;2;10629.38
4663;2.29196;2;10698.1
4664;2.29393;2;10909.33
4665;2.29072;2;11084.52
4666;2.26283;2;11228.09
4667;2.31408;5;11881.63
4668;2.34038;-9999;12242.43
4669;2.33745;-9999;12015.75
4670;2.37283;-9999;11505.28
4671;2.39764;-9999;11299.16
4672;2.4199;-9999;11167.52
4673;2.44616;5;11207.73
4674;2.47246;5;11238.89
4675;2.42165;-9999;11254.27
4676;2.45263;-9999;11434.39
4677;2.49293;-9999;11547.42
4678;2.52899;-9999;12098.45
4679;2.49659;-9999;12405.1
4680;2.46979;5;12202.35
4681;2.53388;5;12245.26
4682;2.55029;5;12205.31
4683;2.54092;5;12159.74
4684;2.55209;5;12313.64
4685;2.53684;5;12411.82
4686;2.47818;5;12496.86
4687;2.4283;5;12415.85
4688;2.42017;5;12196.64
4689;2.43692;5;12135.42
4690;2.40944;5;11667.64
4691;2.4341;5;11553.58
4692;2.49504;5;11483.24
4693;2.52492;5;11873.25
4694;2.5183;5;12251.21
4695;2.45745;5;12377.66
4696;2.47053;5;12014.2
4697;2.50015;5;11704.17
4698;2.4504;5;11136.69
4699;2.43904;5;10566.81
4700;2.41788;5;10413.34
4701;2.39496;5;10533.57
4702;2.30006;2;10541.4
4703;2.26826;2;10515.96
4704;2.25902;2;10403.32
4705;2.25688;2;10237.51
4706;2.29437;2;10207.93
4707;2.27236;2;10245.86
4708;2.2241;1;10218.22
4709;2.2578;2;10234.38
4710;2.31215;3;10312.11
4711;2.30268;2;10386.64
4712;2.39813;5;10592.57
4713;2.501;5;11500.93
4714;2.42721;5;11579.62
4715;2.42598;5;11837.39
4716;2.41674;5;11588.77
4717;2.39479;5;11177.44
4718;2.35617;4;11448.11
4719;2.30633;3;10673.51
4720;2.25546;2;10659.14
4721;2.253;2;10145.88
4722;2.25264;2;10132.99
4723;2.25409;2;10027.42
4724;2.26269;2;10205.5
4725;2.26159;2;10418.83
4726;2.25724;2;10407.8
4727;2.26098;2;10351.58
4728;2.27013;2;10323.11
4729;2.26534;2;10411.95
4730;2.32462;3;10563.54
4731;2.42975;5;10681.07
4732;2.34926;4;10698.31
4733;2.2557;2;10459.18
4734;2.27192;2;10352.97
4735;2.26387;2;10179.86
4736;2.31064;3;10174.52
4737;2.3695;4;10446.6
4738;2.3371;3;10626.06
4739;2.36599;3;11123.59
4740;2.3892;4;11277.01
4741;2.41995;5;11356.5
4742;2.34551;4;11159.21
4743;2.28866;2;10789.35
4744;2.31066;3;10428.94
4745;2.28518;2;10361.58
4746;2.27533;2;10289.2
4747;2.26538;2;10238.97
4748;2.2688;2;10190.94
4749;2.27568;2;10234.82
4750;2.28713;2;10460.49
4751;2.28169;2;10287.19
4752;2.31235;2;10304.66
4753;2.36435;4;10491.58
4754;2.38099;5;10559.08
4755;2.30597;3;10724.87
4756;2.27757;2;10672.82
4757;2.33136;3;10577.23
4758;2.31614;3;10401.82
4759;2.27188;2;10137.9
4760;2.28748;2;10073.18
4761;2.31498;3;10084.83
4762;2.36299;4;10295.02
4763;2.42624;5;10580.43
4764;2.45111;5;10696.97
4765;2.39043;5;10742.66
4766;2.34212;3;10631.22
4767;2.35479;4;10659.55
4768;2.35852;4;10781.87
4769;2.39904;5;10829.34
4770;2.34835;3;10748.18
4771;2.37694;4;10708.27
4772;2.41619;5;10779.08
4773;2.42952;5;10886.52
4774;2.35009;4;10868.63
4775;2.269;2;10684.64
4776;2.25634;2;10467.74
4777;2.27283;2;10267.85
4778;2.26523;2;10279.93
4779;2.28572;2;10245.07
4780;2.28799;2;10168.28
4781;2.28547;2;10121.36
4782;2.3212;3;10187.51
4783;2.32473;3;10328.23
4784;2.3136;3;10485.47
4785;2.2909;2;10481.82
4786;2.27519;2;10324.91
4787;2.26967;2;10364.42
4788;2.29215;2;10248.05
4789;2.3871;4;10559.42
4790;2.39786;5;10948.83
4791;2.36091;4;10906.08
4792;2.36275;4;11353.08
4793;2.38468;5;11615
4794;2.43457;5;12000.87
4795;2.41678;5;12226.48
4796;2.45078;5;12339.69
4797;2.43145;5;11979.97
4798;2.38823;5;11515.06
4799;2.44829;5;11333.11
4800;2.50778;5;11321.11
4801;2.4328;5;11081.28
4802;2.3819;4;10996.27
4803;2.3317;3;11087.99
4804;2.33538;3;10897.64
4805;2.3462;4;10783.06
4806;2.39307;-9999;11050.36
4807;2.48152;5;11080.83
4808;2.42301;5;11128.54
4809;2.32179;4;10640.58
4810;2.24009;2;9997.262
4811;2.2094;1;9833.711
4812;2.19679;1;9900.27
4813;2.18233;1;10105
4814;2.19388;1;10016.02
4815;2.22979;2;9971.479
4816;2.24981;2;9778.251
4817;2.27467;2;9940.023
4818;2.27373;2;9957.727
4819;2.27969;2;10019.12
4820;2.31309;3;10332.43
4821;2.4059;5;10583.62
4822;2.48032;5;11297.05
4823;2.43345;5;11569.24
4824;2.38953;5;11825.14
4825;2.32114;3;11463.64
4826;2.3219;3;11114.94
4827;2.32572;3;10690.83
4828;2.36163;4;10592.52
4829;2.39614;5;10751.92
4830;2.34997;4;11006.35
4831;2.3036;2;11002.53
4832;2.33554;3;11083.98
4833;2.35417;3;11277.53
4834;2.36903;3;11171.81
4835;2.38092;4;11296.7
4836;2.3861;4;11370.09
4837;2.41014;4;11538.39
4838;2.45452;5;11606.54
4839;2.48611;5;11645.51
4840;2.49977;5;12077.52
4841;2.50311;5;12152.23
4842;2.49569;5;12218.52
4843;2.49303;5;12220.5
4844;2.43842;5;11779.15
4845;2.44158;5;11618.48
4846;2.44691;5;11569.38
4847;2.34631;3;11288.63
4848;2.33404;3;11331.3
4849;2.41264;4;11740
4850;2.45807;5;12330.48
4851;2.51425;5;12605.31
4852;2.51471;5;12539.21
4853;2.49629;5;12368.57
4854;2.48692;5;13940.94
4855;2.39365;5;13946.46
4856;2.33882;5;12486.55
4857;2.35872;5;11605.44
4858;2.37201;5;11274.9
4859;2.39263;5;10985.73
4860;2.40281;5;10991.81
4861;2.36189;5;10964.19
4862;2.35101;5;10925.59
4863;2.37853;5;10832.03
4864;2.40633;5;10832.91
4865;2.34778;5;10902.12
4866;2.3314;5;10814.01
4867;2.35515;5;10583.19
4868;2.3276;5;10236.98
4869;2.31019;5;10127.36
4870;2.3215;5;10274.23
4871;2.33426;5;10826.71
4872;2.36622;5;11227.94
4873;2.38334;5;11287.42
4874;2.35557;5;11218.39
4875;2.36044;5;10736.65
4876;2.35317;5;10241.99
4877;2.34341;5;9857.644
4878;2.34157;5;9697.438
4879;2.40334;5;9893.646
4880;2.46112;5;10233.78
4881;2.50876;5;11015.83
4882;2.54089;5;11326.14
4883;2.54714;5;11951.84
4884;2.56511;5;12490.65
4885;2.54384;5;12574.73
4886;2.51682;5;12627.78
4887;2.50708;5;12529.22
4888;2.50139;5;12614.09
4889;2.54128;5;12597.82
4890;2.52698;5;12640.86
4891;2.49929;5;12637.6
4892;2.48791;5;13110.43
4893;2.51267;5;12532.77
4894;2.50107;5;12604.06
4895;2.47895;5;12267.08
4896;2.4826;5;11908.79
4897;2.48311;5;11790.41
4898;2.44448;5;11992.52
4899;2.48437;5;12051.07
4900;2.51249;5;12458.12
4901;2.50923;5;12730.26
4902;2.46518;5;12964.84
4903;2.40349;5;13017.49
4904;2.29289;5;10735.3
4905;2.32095;5;10428.81
4906;2.44712;5;9221.729
4907;2.47336;5;9173.222
4908;2.47751;5;9825.156
4909;2.44949;5;11496.35
4910;2.50374;5;12035.14
4911;2.49608;5;12355.43
4912;2.50524;5;12351.85
4913;2.50828;5;12282.42
4914;2.47321;5;12013.49
4915;2.4356;5;11794.57
4916;2.39765;5;11585.1
4917;2.36633;4;11020.5
4918;2.34631;3;10903.88
4919;2.32378;3;10618.08
4920;2.32777;3;10404.67
4921;2.32938;3;10418.7
4922;2.32198;3;10308.34
4923;2.32974;3;10622.22
4924;2.42198;5;11190.27
4925;2.46632;5;11750.23
4926;2.48176;5;11981.98
4927;2.4887;5;11893.58
4928;2.43542;5;11292.38
4929;2.39925;5;10856.52
4930;2.39311;5;10724.72
4931;2.4372;5;10811.34
4932;2.4787;5;11184.6
4933;2.44168;5;11415.26
4934;2.43141;5;11411.09
4935;2.41439;5;11294.61
4936;2.41827;5;11224.48
4937;2.44549;5;11234.3
4938;2.48275;5;11343.86
4939;2.4712;5;11535.34
4940;2.43509;5;11576.95
4941;2.43993;5;11562.03
4942;2.48324;5;11587.46
4943;2.50352;5;11622.93
4944;2.48892;5;11743.81
4945;2.44074;5;11540.43
4946;2.34476;4;10822.63
4947;2.24465;2;10230.35
4948;2.2369;2;9963.684
4949;2.24116;2;9947.78
4950;2.2793;2;10192.47
4951;2.32286;2;10498.56
4952;2.38237;4;11016.66
4953;2.41952;5;11355.52
4954;2.47474;5;11509.29
4955;2.51913;5;11661.38
4956;2.51397;5;11755.91
4957;2.49808;5;11791.85
4958;2.45786;5;11589.67
4959;2.50258;5;11562.82
4960;2.4821;5;11478.39
4961;2.43639;5;11205.47
4962;2.39128;5;10954.61
4963;2.32424;3;10641.59
4964;2.27851;2;10175.85
4965;2.26087;2;9968.691
4966;2.24737;2;9987.362
4967;2.25884;2;10230.15
4968;2.28492;2;10294.31
4969;2.31051;3;10230.92
4970;2.28338;2;10284.5
4971;2.26096;2;10725.86
4972;2.32982;3;10858.92
4973;2.46236;5;11350.52
4974;2.44792;5;11687.26
4975;2.4413;5;11887.21
4976;2.37545;4;11551.78
4977;2.36964;5;11496.58
4978;2.37831;5;11506.83
4979;2.39171;5;11783.27
4980;2.42386;5;11652.42
4981;2.44947;5;11846.71
4982;2.47649;5;11963.5
4983;2.484;5;12014.57
4984;2.44651;5;12110.22
4985;2.40672;5;11917.15
4986;2.39756;5;11898.52
4987;2.39697;5;11825.18
4988;2.42805;5;11809.17
4989;2.46591;5;11751.53
4990;2.45159;5;11641.45
4991;2.48745;5;11871.64
4992;2.44281;5;11990.94
4993;2.41788;5;11939.8
4994;2.47955;5;11972.51
4995;2.42351;5;11952.49
4996;2.38351;5;11526.01
4997;2.36392;5;11567.14
4998;2.40752;5;11181.42
4999;2.47219;5;11301.8
5000;2.49548;5;11604.29
5001;2.50015;5;11917.01
5002;2.48513;5;12558.55
5003;2.44592;5;12490.75
5004;2.45129;5;12430.03
5005;2.49396;5;12711.08
5006;2.48801;5;12685.06
5007;2.45925;5;12529.5
5008;2.4279;5;12417.72
5009;2.39869;5;12123.43
5010;2.40198;5;11864.86
5011;2.42201;5;11868.02
5012;2.41227;5;11897.02
5013;2.38576;5;11858.22
5014;2.36946;4;11592.82
5015;2.38303;4;11242.39
5016;2.43368;5;10866.29
5017;2.49347;5;12079.76
5018;2.46167;5;12412.56
5019;2.40972;5;12478.37
5020;2.34331;5;12256.39
5021;2.37472;5;11875.16
5022;2.38027;3;11611.84
5023;2.36084;4;11440.75
5024;2.39604;5;11471.38
5025;2.39019;5;11467.87
5026;2.37401;5;11548.48
5027;2.36329;5;11429.01
5028;2.36463;5;11418.67
5029;2.40565;5;11329.23
5030;2.41506;5;11294.92
5031;2.39048;5;11224.81
5032;2.39215;5;11314.51
5033;2.39727;5;11443.04
5034;2.39511;5;11309.32
5035;2.40243;5;11493.23
5036;2.36964;5;11485.05
5037;2.36584;5;11279.86
5038;2.39753;5;11155.88
5039;2.40797;5;11231.61
5040;2.41677;5;11360.8
5041;2.42366;5;11472.99
5042;2.43068;5;11619.53
5043;2.46818;5;11691.7
5044;2.48599;5;11835.17
5045;2.43527;5;11851.89
5046;2.39758;5;11594.15
5047;2.35755;3;11268.16
5048;2.36612;3;11139.66
5049;2.40403;4;11124.27
5050;2.39904;4;11167.41
5051;2.39048;4;11145.94
5052;2.37897;4;11143.36
5053;2.38625;3;11086.36
5054;2.36526;3;11007.21
5055;2.35425;2;10951.85
5056;2.33748;2;10876.25
5057;2.32995;3;10900.28
5058;2.37726;5;11036.8
5059;2.42173;5;11289.95
5060;2.42507;4;11593.09
5061;2.38128;4;11683.83
5062;2.36546;3;11593.18
5063;2.35788;3;11195.86
5064;2.35928;3;10900.81
5065;2.37385;5;10914.86
5066;2.42041;5;11085.66
5067;2.4445;5;11451.51
5068;2.42205;5;11847.56
5069;2.37023;4;11810.94
5070;2.36062;3;11723.06
5071;2.35643;3;11514.17
5072;2.35598;3;11413.31
5073;2.37526;4;11437.93
5074;2.3852;5;11583.96
5075;2.35641;5;11577.43
5076;2.36193;4;11439.4
5077;2.32527;5;11337.39
5078;2.4157;5;11554.77
5079;2.41849;5;11629.43
5080;2.36055;5;11862.04
5081;2.41702;5;11822.29
5082;2.45721;5;11830.85
5083;2.40933;5;11616.47
5084;2.39067;5;11442.37
5085;2.45878;5;11354.36
5086;2.44238;5;11485.66
5087;2.37508;5;11554.48
5088;2.37619;5;11401.48
5089;2.40445;5;11515.56
5090;2.42264;5;11541.17
5091;2.39919;5;11470.18
5092;2.37753;5;11458.38
5093;2.39459;5;11580.98
5094;2.40083;5;11631.89
5095;2.40603;5;11721.35
5096;2.409;5;11707.21
5097;2.3855;4;11605.77
5098;2.42089;5;11488.08
5099;2.41177;5;11415.25
5100;2.38166;5;11281.34
5101;2.41913;5;11061.09
5102;2.41023;5;10857.67
5103;2.38606;5;10684.67
5104;2.41867;5;10862.98
5105;2.38509;5;10957.16
5106;2.38411;5;11238.48
5107;2.41622;5;11211.12
5108;2.41101;5;11262.27
5109;2.42965;5;11341.69
5110;2.42697;5;11344.43
5111;2.45634;5;11369.05
5112;2.43153;5;11646.05
5113;2.43157;5;11236.74
5114;2.38771;5;11194.97
5115;2.38281;4;11176.93
5116;2.39509;5;11370.77
5117;2.39638;5;11348.82
5118;2.37493;5;11230.06
5119;2.35846;5;11053.42
5120;2.3601;5;11054.54
5121;2.35576;5;11125.52
5122;2.33978;5;11403.95
5123;2.34003;5;11459.36
5124;2.38777;5;11405.85
5125;2.44786;5;11334.09
5126;2.40429;5;11363.81
5127;2.31318;2;11113.97
5128;2.28646;1;10938.48
5129;2.32206;2;10784.06
5130;2.35113;2;10814.96
5131;2.37358;3;10963.85
5132;2.39008;5;11122.88
5133;2.41032;5;11388.25
5134;2.37364;3;11548.67
5135;2.39418;3;11623.48
5136;2.38061;3;11594.17
5137;2.39255;4;11526.64
5138;2.37598;4;11428.61
5139;2.36456;5;11398.57
5140;2.35068;5;11381.87
5141;2.34255;5;11177.5
5142;2.373;5;11115.09
5143;2.40243;4;10966.34
5144;2.41341;5;11127.78
5145;2.40289;5;11125.05
5146;2.35734;4;11213.99
5147;2.33934;3;11095.45
5148;2.33873;5;10744.57
5149;2.37413;5;10777.06
5150;2.45286;5;11040.85
5151;2.4874;5;12013.46
5152;2.44647;5;11900.62
5153;2.37831;5;11939.34
5154;2.30833;2;11498.99
5155;2.30643;2;10738.3
5156;2.33514;2;10535.62
5157;2.30251;2;10505.7
5158;2.28776;1;10428.7
5159;2.29367;2;10432.37
5160;2.30502;2;10500.5
5161;2.36437;4;10518.96
5162;2.38739;5;10883.43
5163;2.49393;5;11807.4
5164;2.47762;5;12163.88
5165;2.38763;5;12381.23
5166;2.382;4;11987.14
5167;2.38468;5;11570.13
5168;2.39363;5;11198.08
5169;2.36812;4;11105.62
5170;2.37588;5;10989.18
5171;2.40245;5;11576.89
5172;2.38956;4;10919
5173;2.34831;2;10794.65
5174;2.35936;4;10718.22
5175;2.41679;5;10747.34
5176;2.472;5;11288.33
5177;2.47726;5;11144.74
5178;2.48715;5;11594.82
5179;2.47483;5;11950.97
5180;2.43338;5;12297.33
5181;2.41691;5;12263.94
5182;2.45029;5;12190.72
5183;2.44439;5;12042.07
5184;2.39378;5;11551.41
5185;2.39596;4;11694.75
5186;2.36086;3;10934.82
5187;2.35239;3;10760.47
5188;2.40934;5;10844.26
5189;2.46868;5;11860.23
5190;2.46202;5;12211.37
5191;2.41755;5;12302.17
5192;2.40061;5;12277.88
5193;2.40395;5;11843.35
5194;2.43987;5;11627.84
5195;2.40449;5;11438.59
5196;2.35553;3;11496
5197;2.35671;3;11441.66
5198;2.39219;3;11348.65
5199;2.40459;4;11133.13
5200;2.40336;4;11113.62
5201;2.37345;3;11078.92
5202;2.342;3;11256.13
5203;2.42322;5;11285.35
5204;2.43824;5;11467.35
5205;2.47679;5;11674.31
5206;2.45544;5;11765.83
5207;2.40148;5;11806.63
5208;2.37745;5;11550.94
5209;2.36228;3;11187.31
5210;2.35764;3;11025.26
5211;2.34081;3;10975.19
5212;2.34303;4;11151.92
5213;2.39691;5;11539.81
5214;2.46812;5;11987.76
5215;2.46026;5;12291.4
5216;2.42904;5;12099.67
5217;2.42318;5;11918.31
5218;2.44946;5;12137.97
5219;2.44654;5;12293.75
5220;2.44416;5;12193.62
5221;2.41684;5;12052.77
5222;2.45562;5;11770.35
5223;2.4553;5;11605.05
5224;2.37798;5;11054.2
5225;2.34175;5;11488.29
5226;2.3502;5;10367.15
5227;2.32198;5;10168.76
5228;2.35767;5;11103.32
5229;2.48832;5;11524.95
5230;2.50603;5;11987.97
5231;2.49569;5;12625.03
5232;2.41872;5;12581.67
5233;2.39566;4;11896.97
5234;2.43794;5;11446.84
5235;2.43457;5;11520.72
5236;2.44673;5;-9999
5237;2.40955;4;-9999
5238;2.35103;4;-9999
5239;2.39456;5;-9999
5240;2.42304;5;10991.77
5241;2.42194;5;10738.79
5242;2.35462;5;10532.57
5243;2.28469;5;10336.15
5244;2.33302;5;10365.04
5245;2.39347;5;10381.98
5246;2.42489;5;10715.54
5247;2.40266;5;11131.92
5248;2.37108;5;11402.99
5249;2.39131;5;11833.22
5250;2.37471;5;11809.72
5251;2.37379;5;11051.03
5252;2.37741;5;11187.08
5253;2.37653;5;11215.59
5254;2.42395;5;11477.37
5255;2.39303;5;11669.29
5256;2.37174;5;11265.44
5257;2.35144;4;10973.66
5258;2.35505;4;10439.07
5259;2.45143;5;10464.15
5260;2.43549;5;10493.06
5261;2.39077;5;10818.3
5262;2.36411;5;10851.57
5263;2.39759;5;10585.37
5264;2.42661;5;10823.97
5265;2.36229;3;10957.58
5266;2.29947;2;10662.89
5267;2.29533;2;10571.5
5268;2.29094;2;10376.96
5269;2.30271;4;10363.76
5270;2.30474;4;10374.82
5271;2.31705;2;10376.72
5272;2.34883;2;10201.42
5273;2.42226;5;10348.68
5274;2.4495;5;11347.36
5275;2.36449;5;11316.45
5276;2.36331;4;11274.39
5277;2.36095;5;11197.6
5278;2.3634;5;11205.24
5279;2.39749;5;12124.49
5280;2.3954;5;11957.82
5281;2.34815;5;12091.7
5282;2.37713;5;11698.53
5283;2.36118;5;10614.61
5284;2.36693;5;10490.94
5285;2.36264;5;10432.16
5286;2.34444;4;10563.06
5287;2.35075;5;10347.49
5288;2.35298;5;10067.04
5289;2.38337;5;9978.521
5290;2.43969;5;10507.87
5291;2.43142;5;10770.17
5292;2.388;5;11042.25
5293;2.35871;5;11777.83
5294;2.36903;5;11587.8
5295;2.402;5;11262.09
5296;2.43586;5;11272.13
5297;2.38877;5;11238.67
5298;2.3377;5;11205.39
5299;2.33085;5;11205.88
5300;2.38647;5;11493.05
5301;2.39521;5;10706.2
5302;2.36858;4;11446.18
5303;2.38736;4;11342.21
5304;2.43573;5;11289.49
5305;2.40461;5;11110.63
5306;2.41053;5;10760.83
5307;2.4545;5;11179.97
5308;2.46383;5;12368.93
5309;2.41164;5;11796.24
5310;2.38311;4;11657.89
5311;2.40173;5;11559.01
5312;2.36083;5;11111.26
5313;2.33024;4;11029.97
5314;2.3346;2;10795.58
5315;2.35157;2;10716.13
5316;2.38706;3;10891.59
5317;2.34301;3;10948.98
5318;2.31667;5;10575.57
5319;2.34303;5;10454.8
5320;2.34394;5;10575.78
5321;2.36539;4;10859.93
5322;2.38449;3;11841.45
5323;2.40928;5;11355.84
5324;2.43651;5;12104.97
5325;2.41674;5;12185.73
5326;2.37533;4;12114.8
5327;2.37569;3;11719.25
5328;2.37596;3;11232.16
5329;2.37203;3;11173.87
5330;2.36092;3;11104.92
5331;2.3964;4;10964.32
5332;2.41488;5;11035.29
5333;2.39776;5;11455.95
5334;2.39369;5;12046.53
5335;2.3693;5;11957.15
5336;2.38127;5;12105.25
5337;2.36652;5;11877.7
5338;2.36244;5;11465.41
5339;2.35515;5;11334.38
5340;2.35452;5;11419.98
5341;2.39348;5;11392.7
5342;2.39616;4;11593.12
5343;2.41222;5;11626.74
5344;2.42772;5;11969.07
5345;2.38875;5;11916.53
5346;2.37579;5;11814.63
5347;2.33917;4;11391.24
5348;2.33142;5;11228.08
5349;2.30249;5;11065.49
5350;2.32478;4;10801.05
5351;2.32763;3;10633.89
5352;2.37218;5;10532.88
5353;2.43109;5;10608.26
5354;2.47801;5;11097.6
5355;2.46401;5;11490.46
5356;2.45506;5;12189.36
5357;2.46569;5;12757.95
5358;2.46057;5;13146.28
5359;2.44854;5;13257.01
5360;2.47984;5;13322.46
5361;2.44121;5;13195.89
5362;2.33899;5;13108.72
5363;2.31133;5;11629.36
5364;2.31702;5;11316.75
5365;2.31325;3;10447.83
5366;2.31934;3;10197.34
5367;2.3433;5;10233.98
5368;2.35087;3;10245.52
5369;2.37366;3;10519.04
5370;2.36863;3;10623.03
5371;2.38094;5;10678.18
5372;2.38022;5;10984.85
5373;2.3459;3;10791.48
5374;2.37165;3;10484.95
5375;2.43079;4;10495.81
5376;2.38673;5;10694.8
5377;2.3773;5;10901.55
5378;2.3676;5;10926.64
5379;2.33445;5;10908.41
5380;2.33046;5;10909.82
5381;2.31898;4;10739.11
5382;2.32572;4;10462.16
5383;2.35796;3;10397.52
5384;2.46251;5;10742.52
5385;2.47184;5;11821.38
5386;2.40354;5;11916.51
5387;2.35464;5;12289.5
5388;2.3614;4;11716.23
5389;2.37293;4;11397.53
5390;2.36601;3;11076.15
5391;2.4009;5;11094.59
5392;2.38333;5;11004.79
5393;2.38849;5;11284.74
5394;2.37914;5;11961.08
5395;2.42292;5;11998.91
5396;2.45152;5;12501.11
5397;2.42036;5;12686.62
5398;2.37357;5;12502.66
5399;2.29213;5;11850.17
5400;2.2759;5;11323.4
5401;2.30723;5;10590.82
5402;2.34198;5;10321.44
5403;2.36777;5;10184.6
5404;2.33655;4;10229.79
5405;2.37268;3;10259.12
5406;2.42161;5;10635.75
5407;2.42401;5;11181.38
5408;2.39931;5;11335.18
5409;2.31503;2;11032.19
5410;2.30617;2;10571.52
5411;2.34286;2;10441.29
5412;2.39545;3;10732.87
5413;2.39941;4;11022.29
5414;2.40428;4;11205.24
5415;2.38471;3;11277.71
5416;2.413;5;11185.01
